name,from,to
route1,"55.7551002,37.6085344","55.7275907,37.5610087"
route2,"55.7082632,37.6106054","55.7423633,37.6092083"